"id","address","sheet","label","type","format","formula","value","rules","version"
"6634","TLB4",NULL,"Incumbent Solution","text",NULL,NULL,"Avamar",NULL,"749"
"6635","TLC4",NULL,"Price","text","$0,0.00",NULL,"1267.00",NULL,"749"
"6636","TLD4",NULL,"Unit","text",NULL,NULL,"per TB",NULL,"749"
"6637","TLE4",NULL,"Discount %","text",NULL,NULL,"80.0%",NULL,"749"
"6638","TLF4",NULL,"Adjusted Price","text","$0,0.00",NULL,"253.40",NULL,"749"
"6639","TLG4",NULL,"Maint & Yearly","text",NULL,NULL,"18.0%",NULL,"749"
"6646","TLB5",NULL,"Incumbent Solution","text",NULL,NULL,"Commvault",NULL,"749"
"6647","TLC5",NULL,"Price","text","0,0.00",NULL,"3500.00",NULL,"749"
"6648","TLD5",NULL,"Unit","text",NULL,NULL,"per FETB",NULL,"749"
"6649","TLE5",NULL,"Discount %","text","0,0.0%",NULL,"0.80",NULL,"749"
"6650","TLF5",NULL,"Adjusted Price","text","0,0.0%",NULL,"700.00",NULL,"749"
"6651","TLG5",NULL,"Maint & Yearly","text",NULL,NULL,"18.0%",NULL,"749"
"6682","TLB6",NULL,"Incumbent Solution","text",NULL,NULL,"DD Boost",NULL,"749"
"6683","TLC6",NULL,"Price","text","0,0.00",NULL,"1000.00",NULL,"749"
"6684","TLD6",NULL,"Unit","text",NULL,NULL,"per client",NULL,"749"
"6685","TLE6",NULL,"Discount %","text","0,0.0%",NULL,"0.80",NULL,"749"
"6686","TLF6",NULL,"Adjusted Price","text","0,0.0%",NULL,"200.00",NULL,"749"
"6687","TLG6",NULL,"Maint & Yearly","text",NULL,NULL,"18.0%",NULL,"749"
"6688","TLB7",NULL,"Incumbent Solution","text",NULL,NULL,"Dell/EMC DPS",NULL,"749"
"6689","TLC7",NULL,"Price","text","0,0.00",NULL,"1100.00",NULL,"749"
"6690","TLD7",NULL,"Unit","text",NULL,NULL,"per TB",NULL,"749"
"6691","TLE7",NULL,"Discount %","text","0,0.0%",NULL,"0.80",NULL,"749"
"6692","TLF7",NULL,"Adjusted Price","text","0,0.0%",NULL,"220.00",NULL,"749"
"6693","TLG7",NULL,"Maint & Yearly","text",NULL,NULL,"18.0%",NULL,"749"
"6694","TLB8",NULL,"Incumbent Solution","text",NULL,NULL,"IDPA",NULL,"749"
"6695","TLC8",NULL,"Price","text","0,0.00",NULL,"1535.00",NULL,"749"
"6696","TLD8",NULL,"Unit","text",NULL,NULL,"per TB",NULL,"749"
"6697","TLE8",NULL,"Discount %","text","0,0.0%",NULL,"0.70",NULL,"749"
"6698","TLF8",NULL,"Adjusted Price","text","0,0.00",NULL,"460.50",NULL,"749"
"6699","TLG8",NULL,"Maint & Yearly","text",NULL,NULL,"18.0%",NULL,"749"
"6700","TLB9",NULL,"Incumbent Solution","text",NULL,NULL,"Networker",NULL,"749"
"6701","TLC9",NULL,"Price","text","0,0.00",NULL,"875.00",NULL,"749"
"6702","TLD9",NULL,"Unit","text",NULL,NULL,"per TB",NULL,"749"
"6703","TLE9",NULL,"Discount %","text","0,0.0%",NULL,"0.70",NULL,"749"
"6704","TLF9",NULL,"Adjusted Price","text","0,0.00",NULL,"262.50",NULL,"749"
"6705","TLG9",NULL,"Maint & Yearly","text",NULL,NULL,"18.0%",NULL,"749"
"6706","TLB10",NULL,"Incumbent Solution","text",NULL,NULL,"HPE StoreOnce VSA",NULL,"749"
"6707","TLC10",NULL,"Price","text","0,0.00",NULL,"2000.00",NULL,"749"
"6708","TLD10",NULL,"Unit","text",NULL,NULL,"per TB",NULL,"749"
"6709","TLE10",NULL,"Discount %","text","0,0.0%",NULL,"0.80",NULL,"749"
"6710","TLF10",NULL,"Adjusted Price","text","0,0.00",NULL,"400.00",NULL,"749"
"6711","TLG10",NULL,"Maint & Yearly","text",NULL,NULL,"18.0%",NULL,"749"
"6712","TLB11",NULL,"Incumbent Solution","text",NULL,NULL,"Rubrik",NULL,"749"
"6713","TLC11",NULL,"Price","text","0,0.00",NULL,"2780.00",NULL,"749"
"6714","TLD11",NULL,"Unit","text",NULL,NULL,"per TB",NULL,"749"
"6715","TLE11",NULL,"Discount %","text","0,0.0%",NULL,"0.80",NULL,"749"
"6716","TLF11",NULL,"Adjusted Price","text","0,0.00",NULL,"556.00",NULL,"749"
"6717","TLG11",NULL,"Maint & Yearly","text",NULL,NULL,"18.0%",NULL,"749"
"6718","TLB12",NULL,"Incumbent Solution","text",NULL,NULL,"TSM (Spectrum)",NULL,"749"
"6719","TLC12",NULL,"Price","text","0,0.00",NULL,"600.00",NULL,"749"
"6720","TLD12",NULL,"Unit","text",NULL,NULL,"per TB",NULL,"749"
"6721","TLE12",NULL,"Discount %","text","0,0.0%",NULL,"0.20",NULL,"749"
"6722","TLF12",NULL,"Adjusted Price","text","0,0.00",NULL,"480.00",NULL,"749"
"6723","TLG12",NULL,"Maint & Yearly","text",NULL,NULL,"18.0%",NULL,"749"
"6724","TLB13",NULL,"Incumbent Solution","text",NULL,NULL,"Veeam",NULL,"749"
"6725","TLC13",NULL,"Price","text","0,0.00",NULL,"1790.00",NULL,"749"
"6726","TLD13",NULL,"Unit","text",NULL,NULL,"per TB",NULL,"749"
"6727","TLE13",NULL,"Discount %","text","0,0.0%",NULL,"0.80",NULL,"749"
"6728","TLF13",NULL,"Adjusted Price","text","0,0.00",NULL,"358.00",NULL,"749"
"6729","TLG13",NULL,"Maint & Yearly","text",NULL,NULL,"18.0%",NULL,"749"
"6730","TLB14",NULL,"Incumbent Solution","text",NULL,NULL,"Veritas",NULL,"749"
"6731","TLC14",NULL,"Price","text","0,0.00",NULL,"878.00",NULL,"749"
"6732","TLD14",NULL,"Unit","text",NULL,NULL,"per TB",NULL,"749"
"6733","TLE14",NULL,"Discount %","text","0,0.0%",NULL,"0.70",NULL,"749"
"6734","TLF14",NULL,"Adjusted Price","text","0,0.00",NULL,"263.40",NULL,"749"
"6735","TLG14",NULL,"Maint & Yearly","text",NULL,NULL,"18.0%",NULL,"749"
"6736","TLB15",NULL,"Incumbent Solution","text",NULL,NULL,"Other",NULL,"749"
"6737","TLC15",NULL,"Price","text","0,0.00",NULL,"800.00",NULL,"749"
"6738","TLD15",NULL,"Unit","text",NULL,NULL,"per TB",NULL,"749"
"6739","TLE15",NULL,"Discount %","text","0,0.0%",NULL,"0.80",NULL,"749"
"6740","TLF15",NULL,"Adjusted Price","text","0,0.00",NULL,"160.00",NULL,"749"
"6741","TLG15",NULL,"Maint & Yearly","text",NULL,NULL,"18.0%",NULL,"749"
"6742","A420",NULL,"Software Solution","text",NULL,NULL,NULL,"{
	""visibility"":[{
		""show"":[""#RubrikServers"",""#RubrikNodes"",""#RubrikStorage""],
		""operator"":""=="",
		""value"": ""'Rubrik'""
	},{
		""show"":[""#OtherServers"",""#OtherNodes"",""#ServerTBManaged""],
		""operator"":""!="",
		""value"": ""'Rubrik'""
	}]
}","749"
"6743","A422",NULL,"Cost per TB","float","$0,0","IF( A420, VLOOKUP( A420, TLB4:TLG15, 2, 0 ) )",NULL,NULL,"749"
"6744","TLI4",NULL,"Item Name","text",NULL,NULL,"Commvault Appliance",NULL,"749"
"6745","TLJ4",NULL,"Price","float","$0,0.00",NULL,"850",NULL,"749"
"6746","TLK4",NULL,"Unit","text",NULL,NULL,"per TB",NULL,"749"
"6747","TLL4",NULL,"Discount %","float","0.0%",NULL,"0.20",NULL,"749"
"6748","TLM4",NULL,"Adjusted Cost","float","$0,0.00",NULL,"680",NULL,"749"
"6749","TLN4",NULL,"Maint % Yearly","float","0.0%",NULL,"0.18",NULL,"749"
"6750","TLO4",NULL,"Dedupe","float","0.0%",NULL,"0.25",NULL,"749"
"6751","TLI5",NULL,"Item Name","text",NULL,NULL,"Data Domain",NULL,"749"
"6752","TLJ5",NULL,"Price","float","$0,0.00",NULL,"1500.00",NULL,"749"
"6753","TLK5",NULL,"Unit","text",NULL,NULL,"per TB",NULL,"749"
"6754","TLL5",NULL,"Discount %","float","0.0%",NULL,"0.75",NULL,"749"
"6755","TLM5",NULL,"Adjusted Cost","float","$0,0.00",NULL,"375.00",NULL,"749"
"6756","TLN5",NULL,"Maint % Yearly","float","0.0%",NULL,"0.18",NULL,"749"
"6757","TLO5",NULL,"Dedupe","float","0.0%",NULL,"0.50",NULL,"749"
"6758","TLI6",NULL,"Item Name","text",NULL,NULL,"DataDomain VE",NULL,"749"
"6759","TLJ6",NULL,"Price","float","$0,0.00",NULL,"950",NULL,"749"
"6760","TLK6",NULL,"Unit","text",NULL,NULL,"per TB",NULL,"749"
"6761","TLL6",NULL,"Discount %","float","0.00%",NULL,"0.8",NULL,"749"
"6762","TLM6",NULL,"Adjusted Cost","float","$0,0.00",NULL,"190",NULL,"749"
"6763","TLN6",NULL,"Maint % Yearly","float","0.00%",NULL,"0.18",NULL,"749"
"6764","TLO6",NULL,"Dedupe","float","0.00%",NULL,"0.5",NULL,"749"
"6765","TLI7",NULL,"Item Name","text",NULL,NULL,"Exagrid",NULL,"749"
"6766","TLJ7",NULL,"Price","float","$0,0.00",NULL,"950",NULL,"749"
"6767","TLK7",NULL,"Unit","text",NULL,NULL,"per TB",NULL,"749"
"6768","TLL7",NULL,"Discount %","float","0.00%",NULL,"0.23",NULL,"749"
"6769","TLM7",NULL,"Adjusted Cost","float","$0,0.00",NULL,"731.50",NULL,"749"
"6770","TLN7",NULL,"Maint % Yearly","float","0.00%",NULL,"0.18",NULL,"749"
"6771","TLO7",NULL,"Dedupe","float","0.00%",NULL,"0.2",NULL,"749"
"6772","TLI8",NULL,"Item Name","text",NULL,NULL,"Generic Storage",NULL,"749"
"6773","TLJ8",NULL,"Price","float","$0,0.00",NULL,"350",NULL,"749"
"6774","TLK8",NULL,"Unit","text",NULL,NULL,"per TB",NULL,"749"
"6775","TLL8",NULL,"Discount %","float","0.00%",NULL,"0.2",NULL,"749"
"6776","TLM8",NULL,"Adjusted Cost","float","$0,0.00",NULL,"280.00",NULL,"749"
"6777","TLN8",NULL,"Maint % Yearly","float","0.00%",NULL,"0.18",NULL,"749"
"6778","TLO8",NULL,"Dedupe","float","0.00%",NULL,"0",NULL,"749"
"6779","TLI9",NULL,"Item Name","text",NULL,NULL,"HPE StoreOnce",NULL,"749"
"6780","TLJ9",NULL,"Price","float","$0,0.00",NULL,"400",NULL,"749"
"6781","TLK9",NULL,"Unit","text",NULL,NULL,"Per TB",NULL,"749"
"6782","TLL9",NULL,"Discount %","float","0.00%",NULL,"0.2",NULL,"749"
"6783","TLM9",NULL,"Adjusted Cost","float","$0,0.00",NULL,"320.00",NULL,"749"
"6784","TLN9",NULL,"Maint % Yearly","float","0.00%",NULL,"0.18",NULL,"749"
"6785","TLO9",NULL,"Dedupe","float","0.00%",NULL,"0.2",NULL,"749"
"6793","TLI10",NULL,"Item Name","text",NULL,NULL,"IDPA Hardware",NULL,"749"
"6794","TLJ10",NULL,"Price","float","$0,0.00",NULL,"2450",NULL,"749"
"6795","TLK10",NULL,"Unit","text",NULL,NULL,"per TB",NULL,"749"
"6796","TLL10",NULL,"Discount %","float","0.00%",NULL,"0.2",NULL,"749"
"6797","TLM10",NULL,"Adjusted Cost","float","$0,0.00",NULL,"1960.00",NULL,"749"
"6798","TLN10",NULL,"Maint % Yearly","float","0.00%",NULL,"0.18",NULL,"749"
"6799","TLO10",NULL,"Dedupe","float","0.00%",NULL,"0.0",NULL,"749"
"6800","TLI11",NULL,"Item Name","text",NULL,NULL,"Infinidat",NULL,"749"
"6801","TLJ11",NULL,"Price","float","$0,0.00",NULL,"980",NULL,"749"
"6802","TLK11",NULL,"Unit","text",NULL,NULL,"per TB",NULL,"749"
"6803","TLL11",NULL,"Discount %","float","0.00%",NULL,"0.2",NULL,"749"
"6804","TLM11",NULL,"Adjusted Cost","float","$0,0.00",NULL,"784.00",NULL,"749"
"6805","TLN11",NULL,"Maint % Yearly","float","0.00%",NULL,"0.18",NULL,"749"
"6806","TLO11",NULL,"Dedupe","float","0.00%",NULL,"0.2",NULL,"749"
"6816","TLI12",NULL,"Item Name","text",NULL,NULL,"Isilon",NULL,"749"
"6817","TLJ12",NULL,"Price","float","$0,0.00",NULL,"3000",NULL,"749"
"6818","TLK12",NULL,"Unit","text",NULL,NULL,"per TB",NULL,"749"
"6819","TLL12",NULL,"Discount %","float","0.00%",NULL,"0.7",NULL,"749"
"6820","TLM12",NULL,"Adjusted Cost","float","$0,0.00",NULL,"900.00",NULL,"749"
"6821","TLN12",NULL,"Maint % Yearly","float","0.00%",NULL,"0.18",NULL,"749"
"6822","TLO12",NULL,"Dedupe","float","0.00%",NULL,"0.0",NULL,"749"
"6844","TLI13",NULL,"Item Name","text",NULL,NULL,"NetApp",NULL,"749"
"6845","TLJ13",NULL,"Price","float","$0,0.00",NULL,"850",NULL,"749"
"6846","TLK13",NULL,"Unit","text",NULL,NULL,"per TB",NULL,"749"
"6847","TLL13",NULL,"Discount %","float","0.00%",NULL,"0.6",NULL,"749"
"6848","TLM13",NULL,"Adjusted Cost","float","$0,0.00",NULL,"340.00",NULL,"749"
"6849","TLN13",NULL,"Maint % Yearly","float","0.00%",NULL,"0.18",NULL,"749"
"6850","TLO13",NULL,"Dedupe","float","0.00%",NULL,"0.2",NULL,"749"
"6851","TLI14",NULL,"Item Name","text",NULL,NULL,"Veritas Appliance",NULL,"749"
"6852","TLJ14",NULL,"Price","float","$0,0.00",NULL,"750",NULL,"749"
"6853","TLK14",NULL,"Unit","text",NULL,NULL,"per TB",NULL,"749"
"6854","TLL14",NULL,"Discount %","float","0.00%",NULL,"0.2",NULL,"749"
"6855","TLM14",NULL,"Adjusted Cost","float","$0,0.00",NULL,"600.00",NULL,"749"
"6856","TLN14",NULL,"Maint % Yearly","float","0.00%",NULL,"0.18",NULL,"749"
"6857","TLO14",NULL,"Dedupe","float","0.00%",NULL,"0.25",NULL,"749"
"6858","TLQ4",NULL,"Item Name","text",NULL,NULL,"Physical Server",NULL,"749"
"6859","TLR4",NULL,"Price","float","$0,0.00",NULL,"15000",NULL,"749"
"6860","TLS4",NULL,"Unit","text",NULL,NULL,"ea",NULL,"749"
"6861","TLT4",NULL,"Discount %","float","0.00%",NULL,"0.23",NULL,"749"
"6862","TLU4",NULL,"Adjusted Cost","float","$0,0.00",NULL,"11550",NULL,"749"
"6863","TLV4",NULL,"Maint % Yearly","float","0.00%",NULL,"0.18",NULL,"749"
"6864","TLW4",NULL,"TB RAW","float","0",NULL,NULL,NULL,"749"
"6865","TLX4",NULL,"TB Usable","float","0",NULL,NULL,NULL,"749"
"6866","TLY4",NULL,"Dedupe","float","0.00%",NULL,"0",NULL,"749"
"6867","TLQ5",NULL,"Item Name","text",NULL,NULL,"VM Server",NULL,"749"
"6868","TLR5",NULL,"Price","float","$0,0.00",NULL,"15000",NULL,"749"
"6869","TLS5",NULL,"Unit","text",NULL,NULL,"ea",NULL,"749"
"6870","TLT5",NULL,"Discount %","float","0.00%",NULL,"0.992",NULL,"749"
"6871","TLU5",NULL,"Adjusted Cost","float","$0,0.00",NULL,"120",NULL,"749"
"6872","TLV5",NULL,"Maint % Yearly","float","0.00%",NULL,"0.18",NULL,"749"
"6873","TLW5",NULL,"TB RAW","float","0",NULL,NULL,NULL,"749"
"6874","TLX5",NULL,"TB Usable","float","0",NULL,NULL,NULL,"749"
"6875","TLY5",NULL,"Dedupe","float","0.00%",NULL,"0",NULL,"749"
"6876","TLQ6",NULL,"Item Name","text",NULL,NULL,"Rubrik r6304s",NULL,"749"
"6877","TLR6",NULL,"Price","float","$0,0.00",NULL,"18000",NULL,"749"
"6878","TLS6",NULL,"Unit","text",NULL,NULL,"ea",NULL,"749"
"6879","TLT6",NULL,"Discount %","float","0.00%",NULL,"0.23",NULL,"749"
"6880","TLU6",NULL,"Adjusted Cost","float","$0,0.00",NULL,"13860",NULL,"749"
"6881","TLV6",NULL,"Maint % Yearly","float","0.00%",NULL,"0.18",NULL,"749"
"6882","TLW6",NULL,"TB RAW","float","0",NULL,"36",NULL,"749"
"6883","TLX6",NULL,"TB Usable","float","0",NULL,"11.2",NULL,"749"
"6884","TLY6",NULL,"Dedupe","float","0.00%",NULL,"0.5",NULL,"749"
"6885","TLQ7",NULL,"Item Name","text",NULL,NULL,"Rubrik r6404s",NULL,"749"
"6886","TLR7",NULL,"Price","float","$0,0.00",NULL,"24000",NULL,"749"
"6887","TLS7",NULL,"Unit","text",NULL,NULL,"ea",NULL,"749"
"6888","TLT7",NULL,"Discount %","float","0.00%",NULL,"0.23",NULL,"749"
"6889","TLU7",NULL,"Adjusted Cost","float","$0,0.00",NULL,"18480",NULL,"749"
"6890","TLV7",NULL,"Maint % Yearly","float","0.00%",NULL,"0.18",NULL,"749"
"6891","TLW7",NULL,"TB RAW","float","0",NULL,"48",NULL,"749"
"6892","TLX7",NULL,"TB Usable","float","0",NULL,"30",NULL,"749"
"6893","TLY7",NULL,"Dedupe","float","0.00%",NULL,"0.50",NULL,"749"
"6894","TLQ8",NULL,"Item Name","text",NULL,NULL,"Rubrik r6408s",NULL,"749"
"6895","TLR8",NULL,"Price","float","$0,0.00",NULL,"26000",NULL,"749"
"6896","TLS8",NULL,"Unit","text",NULL,NULL,"ea",NULL,"749"
"6897","TLT8",NULL,"Discount %","float","0.00%",NULL,"0.23",NULL,"749"
"6898","TLU8",NULL,"Adjusted Cost","float","$0,0.00",NULL,"20020",NULL,"749"
"6899","TLV8",NULL,"Maint % Yearly","float","0.00%",NULL,"0.18",NULL,"749"
"6900","TLW8",NULL,"TB RAW","float","0",NULL,"96",NULL,"749"
"6901","TLX8",NULL,"TB Usable","float","0",NULL,"60",NULL,"749"
"6902","TLY8",NULL,"Dedupe","float","0.00%",NULL,"0.50",NULL,"749"
"6903","TLQ9",NULL,"Item Name","text",NULL,NULL,"Rubrik r6410s",NULL,"749"
"6904","TLR9",NULL,"Price","float","$0,0.00",NULL,"28000",NULL,"749"
"6905","TLS9",NULL,"Unit","text",NULL,NULL,"ea",NULL,"749"
"6906","TLT9",NULL,"Discount %","float","0.00%",NULL,"0.23",NULL,"749"
"6907","TLU9",NULL,"Adjusted Cost","float","$0,0.00",NULL,"21560",NULL,"749"
"6908","TLV9",NULL,"Maint % Yearly","float","0.00%",NULL,"0.18",NULL,"749"
"6909","TLW9",NULL,"TB RAW","float","0",NULL,"120",NULL,"749"
"6910","TLX9",NULL,"TB Usable","float","0",NULL,"75",NULL,"749"
"6911","TLY9",NULL,"Dedupe","float","0.00%",NULL,"0.50",NULL,"749"
"6912","TLQ10",NULL,"Item Name","text",NULL,NULL,"Rubrik r6412s",NULL,"749"
"6913","TLR10",NULL,"Price","float","$0,0.00",NULL,"31000",NULL,"749"
"6914","TLS10",NULL,"Unit","text",NULL,NULL,"ea",NULL,"749"
"6915","TLT10",NULL,"Discount %","float","0.00%",NULL,"0.23",NULL,"749"
"6916","TLU10",NULL,"Adjusted Cost","float","$0,0.00",NULL,"23870",NULL,"749"
"6917","TLV10",NULL,"Maint % Yearly","float","0.00%",NULL,"0.18",NULL,"749"
"6918","TLW10",NULL,"TB RAW","float","0",NULL,"144",NULL,"749"
"6919","TLX10",NULL,"TB Usable","float","0",NULL,"90",NULL,"749"
"6920","TLY10",NULL,"Dedupe","float","0.00%",NULL,"0.50",NULL,"749"
"6921","TLQ11",NULL,"Item Name","text",NULL,NULL,"Rubrik r6416s",NULL,"749"
"6922","TLR11",NULL,"Price","float","$0,0.00",NULL,"36000",NULL,"749"
"6923","TLS11",NULL,"Unit","text",NULL,NULL,"ea",NULL,"749"
"6924","TLT11",NULL,"Discount %","float","0.00%",NULL,"0.23",NULL,"749"
"6925","TLU11",NULL,"Adjusted Cost","float","$0,0.00",NULL,"27720",NULL,"749"
"6926","TLV11",NULL,"Maint % Yearly","float","0.00%",NULL,"0.18",NULL,"749"
"6927","TLW11",NULL,"TB RAW","float","0",NULL,"192",NULL,"749"
"6928","TLX11",NULL,"TB Usable","float","0",NULL,"120",NULL,"749"
"6929","TLY11",NULL,"Dedupe","float","0.00%",NULL,"0.50",NULL,"749"
"6930","TLQ12",NULL,"Item Name","text",NULL,NULL,"Rubrik r6408f",NULL,"749"
"6931","TLR12",NULL,"Price","float","$0,0.00",NULL,"48000",NULL,"749"
"6932","TLS12",NULL,"Unit","text",NULL,NULL,"ea",NULL,"749"
"6933","TLT12",NULL,"Discount %","float","0.00%",NULL,"0.23",NULL,"749"
"6934","TLU12",NULL,"Adjusted Cost","float","$0,0.00",NULL,"36960",NULL,"749"
"6935","TLV12",NULL,"Maint % Yearly","float","0.00%",NULL,"0.18",NULL,"749"
"6936","TLW12",NULL,"TB RAW","float","0",NULL,"96",NULL,"749"
"6937","TLX12",NULL,"TB Usable","float","0",NULL,"60",NULL,"749"
"6938","TLY12",NULL,"Dedupe","float","0.00%",NULL,"0.50",NULL,"749"
"6939","TLQ13",NULL,"Item Name","text",NULL,NULL,"Rubrik r6416f",NULL,"749"
"6940","TLR13",NULL,"Price","float","$0,0.00",NULL,"54000",NULL,"749"
"6941","TLS13",NULL,"Unit","text",NULL,NULL,"ea",NULL,"749"
"6942","TLT13",NULL,"Discount %","float","0.00%",NULL,"0.23",NULL,"749"
"6943","TLU13",NULL,"Adjusted Cost","float","$0,0.00",NULL,"41580",NULL,"749"
"6944","TLV13",NULL,"Maint % Yearly","float","0.00%",NULL,"0.18",NULL,"749"
"6945","TLW13",NULL,"TB RAW","float","0",NULL,"192",NULL,"749"
"6946","TLX13",NULL,"TB Usable","float","0",NULL,"120",NULL,"749"
"6947","TLY13",NULL,"Dedupe","float","0.00%",NULL,"0.50",NULL,"749"
"6948","TLAA4",NULL,"Server Types","text",NULL,NULL,"C5016",NULL,"749"
"6949","TLAB4",NULL,"Server Cost","float","$0,0.00",NULL,"9000",NULL,"749"
"6950","TLAC4",NULL,"Maint % Yearly","float","0,0%",NULL,"0.18",NULL,"749"
"6951","TLAD4",NULL,"Maint Cost","float","$0,0.00",NULL,"1620",NULL,"749"
"6952","TLED4",NULL,"Storage (TB)","float","0,0.00",NULL,"12",NULL,"749"
"6953","TLAA5",NULL,"Server Types","text",NULL,NULL,"C5026",NULL,"749"
"6954","TLAB5",NULL,"Server Cost","float","$0,0.00",NULL,"9000",NULL,"749"
"6955","TLAC5",NULL,"Maint % Yearly","float","0,0%",NULL,"0.18",NULL,"749"
"6956","TLAD5",NULL,"Maint Cost","float","$0,0.00",NULL,"1620",NULL,"749"
"6957","TLED5",NULL,"Storage (TB)","float","0,0.00",NULL,"24",NULL,"749"
"6958","TLAA6",NULL,"Server Types","text",NULL,NULL,"C5036",NULL,"749"
"6959","TLAB6",NULL,"Server Cost","float","$0,0.00",NULL,"9575",NULL,"749"
"6960","TLAC6",NULL,"Maint % Yearly","float","0,0%",NULL,"0.18",NULL,"749"
"6961","TLAD6",NULL,"Maint Cost","float","$0,0.00",NULL,"1723.5",NULL,"749"
"6962","TLED6",NULL,"Storage (TB)","float","0,0.00",NULL,"36",NULL,"749"
"6963","TLAA7",NULL,"Server Types","text",NULL,NULL,"C5066",NULL,"749"
"6964","TLAB7",NULL,"Server Cost","float","$0,0.00",NULL,"9000",NULL,"749"
"6965","TLAC7",NULL,"Maint % Yearly","float","0,0%",NULL,"0.18",NULL,"749"
"6966","TLAD7",NULL,"Maint Cost","float","$0,0.00",NULL,"1620",NULL,"749"
"6967","TLED7",NULL,"Storage (TB)","float","0,0.00",NULL,"54",NULL,"749"
"6968","TLAA8",NULL,"Server Text","text",NULL,NULL,"C6025",NULL,"749"
"6969","TLAA9",NULL,"Server Text","text",NULL,NULL,"C6035",NULL,"749"
"6970","TLAA10",NULL,"Server Text","text",NULL,NULL,"C6045",NULL,"749"
"6971","TLAA11",NULL,"Server Text","text",NULL,NULL,"C6055",NULL,"749"
"6972","TLAA12",NULL,"Server Text","text",NULL,NULL,"C8205",NULL,"749"
"6973","TLAA13",NULL,"Server Text","text",NULL,NULL,"C8305",NULL,"749"
"6974","TLAA14",NULL,"Server Text","text",NULL,NULL,"C8405",NULL,"749"
"6975","TLAA15",NULL,"Server Text","text",NULL,NULL,"Cisco UCS C220 M5-12",NULL,"749"
"6976","TLAA16",NULL,"Server Text","text",NULL,NULL,"Cisco UCS C220 M5-24",NULL,"749"
"6977","TLAA17",NULL,"Server Text","text",NULL,NULL,"Cisco UCS C220 M5-36",NULL,"749"
"6978","TLAA18",NULL,"Server Text","text",NULL,NULL,"Cisco UCS C220 M5-Flash",NULL,"749"
"6979","TLAA19",NULL,"Server Text","text",NULL,NULL,"Cisco UCS C220 M5-Compute",NULL,"749"
"6980","TLAA20",NULL,"Server Text","text",NULL,NULL,"Cisco UCS C220 M5-ROBO-16",NULL,"749"
"6981","TLAA21",NULL,"Server Text","text",NULL,NULL,"Cisco UCS C220 M5-ROBO-8",NULL,"749"
"6982","TLAA22",NULL,"Server Text","text",NULL,NULL,"Cisco UCS C220 M6 -Flash 76",NULL,"749"
"6983","TLAA23",NULL,"Server Text","text",NULL,NULL,"Cisco UCS C240 M5-120",NULL,"749"
"6984","TLAA24",NULL,"Server Text","text",NULL,NULL,"Cisco UCS C240 M5-144",NULL,"749"
"6985","TLAA25",NULL,"Server Text","text",NULL,NULL,"Cisco UCS C240 M5-48",NULL,"749"
"6986","TLAA26",NULL,"Server Text","text",NULL,NULL,"Cisco UCS C240 M5-96",NULL,"749"
"6987","TLAA27",NULL,"Server Text","text",NULL,NULL,"Cisco UCS C240 M6-120",NULL,"749"
"6988","TLAA28",NULL,"Server Text","text",NULL,NULL,"Cisco UCS C240 M6-144",NULL,"749"
"6989","TLAA29",NULL,"Server Text","text",NULL,NULL,"Cisco UCS C240 M6-192",NULL,"749"
"6990","TLAA30",NULL,"Server Text","text",NULL,NULL,"Cisco UCS C240 M6-216",NULL,"749"
"6991","TLAA31",NULL,"Server Text","text",NULL,NULL,"Cisco UCS C240 M6-288",NULL,"749"
"6992","TLAA32",NULL,"Server Text","text",NULL,NULL,"Cisco UCS C240 M6-48",NULL,"749"
"6993","TLAA33",NULL,"Server Text","text",NULL,NULL,"Cisco UCS C240 M6-96",NULL,"749"
"6994","TLAA34",NULL,"Server Text","text",NULL,NULL,"Cisco UCS S3260-210",NULL,"749"
"6995","TLAA35",NULL,"Server Text","text",NULL,NULL,"Cisco UCS S3260-294",NULL,"749"
"6996","TLAA36",NULL,"Server Text","text",NULL,NULL,"Cisco UCS S3260-384",NULL,"749"
"6997","TLAA37",NULL,"Server Text","text",NULL,NULL,"Cisco UCS S3260-420",NULL,"749"
"6998","TLAA38",NULL,"Server Text","text",NULL,NULL,"Cisco UCS S3260-588",NULL,"749"
"6999","TLAA39",NULL,"Server Text","text",NULL,NULL,"Cisco UCS S3260-704",NULL,"749"
"7000","TLAA40",NULL,"Server Text","text",NULL,NULL,"Dell PowerEdge C6420-24",NULL,"749"
"7001","TLAA41",NULL,"Server Text","text",NULL,NULL,"Dell PowerEdge C6420-36",NULL,"749"
"7002","TLAA42",NULL,"Server Text","text",NULL,NULL,"Dell PowerEdge R640-Compute",NULL,"749"
"7003","TLAA43",NULL,"Server Text","text",NULL,NULL,"Dell PowerEdge R640-Flash",NULL,"749"
"7004","TLAA44",NULL,"Server Text","text",NULL,NULL,"Dell PowerEdge R640-ROBO-16",NULL,"749"
"7005","TLAA45",NULL,"Server Text","text",NULL,NULL,"Dell PowerEdge R640-ROBO-8",NULL,"749"
"7006","TLAA46",NULL,"Server Text","text",NULL,NULL,"Dell PowerEdge R740xd-48",NULL,"749"
"7007","TLAA47",NULL,"Server Text","text",NULL,NULL,"Dell PowerEdge R740xd-96",NULL,"749"
"7008","TLAA48",NULL,"Server Text","text",NULL,NULL,"Fujitsu PRIMERGY RX2540 M5-48",NULL,"749"
"7009","TLAA49",NULL,"Server Text","text",NULL,NULL,"Fujitsu PRIMERGY RX2540 M5-96",NULL,"749"
"7010","TLAA50",NULL,"Server Text","text",NULL,NULL,"HPE Apollo 4200 ",NULL,"749"
"7011","TLAA51",NULL,"Server Text","text",NULL,NULL,"HPE Apollo 4510 -200",NULL,"749"
"7012","TLAA52",NULL,"Server Text","text",NULL,NULL,"HPE Apollo 4510 -400",NULL,"749"
"7013","TLAA53",NULL,"Server Text","text",NULL,NULL,"HPE Apollo 4510 -700",NULL,"749"
"7014","TLAA54",NULL,"Server Text","text",NULL,NULL,"HPE Apollo r2200 -24",NULL,"749"
"7015","TLAA55",NULL,"Server Text","text",NULL,NULL,"HPE Apollo r2200 -36",NULL,"749"
"7016","TLAA56",NULL,"Server Text","text",NULL,NULL,"HPE ProLiant DL360 - Compute",NULL,"749"
"7017","TLAA57",NULL,"Server Text","text",NULL,NULL,"HPE ProLiant DL360 - Flash - 32",NULL,"749"
"7018","TLAA58",NULL,"Server Text","text",NULL,NULL,"HPE ProLiant DL360 - Flash - 64",NULL,"749"
"7019","TLAA59",NULL,"Server Text","text",NULL,NULL,"HPE ProLiant DL360 - Flash - 77",NULL,"749"
"7020","TLAA60",NULL,"Server Text","text",NULL,NULL,"HPE ProLiant DL360 -ROBO-16",NULL,"749"
"7021","TLAA61",NULL,"Server Text","text",NULL,NULL,"HPE ProLiant DL360 -ROBO-8",NULL,"749"
"7022","TLAA62",NULL,"Server Text","text",NULL,NULL,"HPE ProLiant DL380 - 48",NULL,"749"
"7023","TLAA63",NULL,"Server Text","text",NULL,NULL,"HPE ProLiant DL380 - 96",NULL,"749"
"7024","TLAA64",NULL,"Server Text","text",NULL,NULL,"Lenovo ThinkSystem SR650 - 48",NULL,"749"
"7025","TLAA65",NULL,"Server Text","text",NULL,NULL,"Lenovo ThinkSystem SR650 - 96",NULL,"749"
"7084","TLAB8",NULL,"Server Cost","float",NULL,NULL,"9000",NULL,"749"
"7085","TLAB9",NULL,"Server Cost","float",NULL,NULL,"17100",NULL,"749"
"7086","TLAB10",NULL,"Server Cost","float",NULL,NULL,"18000",NULL,"749"
"7087","TLAB11",NULL,"Server Cost","float",NULL,NULL,"25000",NULL,"749"
"7088","TLAB12",NULL,"Server Cost","float",NULL,NULL,"9000",NULL,"749"
"7089","TLAB13",NULL,"Server Cost","float",NULL,NULL,"9000",NULL,"749"
"7090","TLAB14",NULL,"Server Cost","float",NULL,NULL,"41825",NULL,"749"
"7091","TLAB15",NULL,"Server Cost","float",NULL,NULL,"7000",NULL,"749"
"7092","TLAB16",NULL,"Server Cost","float",NULL,NULL,"8000",NULL,"749"
"7093","TLAB17",NULL,"Server Cost","float",NULL,NULL,"9000",NULL,"749"
"7094","TLAB18",NULL,"Server Cost","float",NULL,NULL,"11000",NULL,"749"
"7095","TLAB19",NULL,"Server Cost","float",NULL,NULL,"4500",NULL,"749"
"7096","TLAB20",NULL,"Server Cost","float",NULL,NULL,"9000",NULL,"749"
"7097","TLAB21",NULL,"Server Cost","float",NULL,NULL,"6000",NULL,"749"
"7098","TLAB22",NULL,"Server Cost","float",NULL,NULL,"11000",NULL,"749"
"7099","TLAB23",NULL,"Server Cost","float",NULL,NULL,"12000",NULL,"749"
"7100","TLAB24",NULL,"Server Cost","float",NULL,NULL,"15000",NULL,"749"
"7101","TLAB25",NULL,"Server Cost","float",NULL,NULL,"8500",NULL,"749"
"7102","TLAB26",NULL,"Server Cost","float",NULL,NULL,"9200",NULL,"749"
"7103","TLAB27",NULL,"Server Cost","float",NULL,NULL,"12000",NULL,"749"
"7104","TLAB28",NULL,"Server Cost","float",NULL,NULL,"15000",NULL,"749"
"7105","TLAB29",NULL,"Server Cost","float",NULL,NULL,"15000",NULL,"749"
"7106","TLAB30",NULL,"Server Cost","float",NULL,NULL,"15000",NULL,"749"
"7107","TLAB31",NULL,"Server Cost","float",NULL,NULL,"15000",NULL,"749"
"7108","TLAB32",NULL,"Server Cost","float",NULL,NULL,"8500",NULL,"749"
"7109","TLAB33",NULL,"Server Cost","float",NULL,NULL,"9200",NULL,"749"
"7110","TLAB34",NULL,"Server Cost","float",NULL,NULL,"27000",NULL,"749"
"7111","TLAB35",NULL,"Server Cost","float",NULL,NULL,"39000",NULL,"749"
"7112","TLAB36",NULL,"Server Cost","float",NULL,NULL,"51000",NULL,"749"
"7113","TLAB37",NULL,"Server Cost","float",NULL,NULL,"33000",NULL,"749"
"7114","TLAB38",NULL,"Server Cost","float",NULL,NULL,"45000",NULL,"749"
"7115","TLAB39",NULL,"Server Cost","float",NULL,NULL,"57000",NULL,"749"
"7116","TLAB40",NULL,"Server Cost","float",NULL,NULL,"9000",NULL,"749"
"7117","TLAB41",NULL,"Server Cost","float",NULL,NULL,"12000",NULL,"749"
"7118","TLAB42",NULL,"Server Cost","float",NULL,NULL,"10000",NULL,"749"
"7119","TLAB43",NULL,"Server Cost","float",NULL,NULL,"32000",NULL,"749"
"7120","TLAB44",NULL,"Server Cost","float",NULL,NULL,"15000",NULL,"749"
"7121","TLAB45",NULL,"Server Cost","float",NULL,NULL,"12000",NULL,"749"
"7122","TLAB46",NULL,"Server Cost","float",NULL,NULL,"14000",NULL,"749"
"7123","TLAB47",NULL,"Server Cost","float",NULL,NULL,"19000",NULL,"749"
"7124","TLAB48",NULL,"Server Cost","float",NULL,NULL,"21000",NULL,"749"
"7125","TLAB49",NULL,"Server Cost","float",NULL,NULL,"28000",NULL,"749"
"7126","TLAB50",NULL,"Server Cost","float",NULL,NULL,"11000",NULL,"749"
"7127","TLAB51",NULL,"Server Cost","float",NULL,NULL,"11000",NULL,"749"
"7128","TLAB52",NULL,"Server Cost","float",NULL,NULL,"18000",NULL,"749"
"7129","TLAB53",NULL,"Server Cost","float",NULL,NULL,"25000",NULL,"749"
"7130","TLAB54",NULL,"Server Cost","float",NULL,NULL,"7400",NULL,"749"
"7131","TLAB55",NULL,"Server Cost","float",NULL,NULL,"9100",NULL,"749"
"7132","TLAB56",NULL,"Server Cost","float",NULL,NULL,"6100",NULL,"749"
"7133","TLAB57",NULL,"Server Cost","float",NULL,NULL,"12000",NULL,"749"
"7134","TLAB58",NULL,"Server Cost","float",NULL,NULL,"24000",NULL,"749"
"7135","TLAB59",NULL,"Server Cost","float",NULL,NULL,"32000",NULL,"749"
"7136","TLAB60",NULL,"Server Cost","float",NULL,NULL,"10200",NULL,"749"
"7137","TLAB61",NULL,"Server Cost","float",NULL,NULL,"8900",NULL,"749"
"7138","TLAB62",NULL,"Server Cost","float",NULL,NULL,"14900",NULL,"749"
"7139","TLAB63",NULL,"Server Cost","float",NULL,NULL,"26400",NULL,"749"
"7140","TLAB64",NULL,"Server Cost","float",NULL,NULL,"21000",NULL,"749"
"7141","TLAB65",NULL,"Server Cost","float",NULL,NULL,"28000",NULL,"749"
"7142","TLAC8",NULL,"Maint % Yearly","float",NULL,NULL,"0.18",NULL,"749"
"7143","TLAC9",NULL,"Maint % Yearly","float",NULL,NULL,"0.18",NULL,"749"
"7144","TLAC10",NULL,"Maint % Yearly","float",NULL,NULL,"0.18",NULL,"749"
"7145","TLAC11",NULL,"Maint % Yearly","float",NULL,NULL,"0.18",NULL,"749"
"7146","TLAC12",NULL,"Maint % Yearly","float",NULL,NULL,"0.18",NULL,"749"
"7147","TLAC13",NULL,"Maint % Yearly","float",NULL,NULL,"0.18",NULL,"749"
"7148","TLAC14",NULL,"Maint % Yearly","float",NULL,NULL,"0.18",NULL,"749"
"7149","TLAC15",NULL,"Maint % Yearly","float",NULL,NULL,"0.18",NULL,"749"
"7150","TLAC16",NULL,"Maint % Yearly","float",NULL,NULL,"0.18",NULL,"749"
"7151","TLAC17",NULL,"Maint % Yearly","float",NULL,NULL,"0.18",NULL,"749"
"7152","TLAC18",NULL,"Maint % Yearly","float",NULL,NULL,"0.18",NULL,"749"
"7153","TLAC19",NULL,"Maint % Yearly","float",NULL,NULL,"0.18",NULL,"749"
"7154","TLAC20",NULL,"Maint % Yearly","float",NULL,NULL,"0.18",NULL,"749"
"7155","TLAC21",NULL,"Maint % Yearly","float",NULL,NULL,"0.18",NULL,"749"
"7156","TLAC22",NULL,"Maint % Yearly","float",NULL,NULL,"0.18",NULL,"749"
"7157","TLAC23",NULL,"Maint % Yearly","float",NULL,NULL,"0.18",NULL,"749"
"7158","TLAC24",NULL,"Maint % Yearly","float",NULL,NULL,"0.18",NULL,"749"
"7159","TLAC25",NULL,"Maint % Yearly","float",NULL,NULL,"0.18",NULL,"749"
"7160","TLAC26",NULL,"Maint % Yearly","float",NULL,NULL,"0.18",NULL,"749"
"7161","TLAC27",NULL,"Maint % Yearly","float",NULL,NULL,"0.18",NULL,"749"
"7162","TLAC28",NULL,"Maint % Yearly","float",NULL,NULL,"0.18",NULL,"749"
"7163","TLAC29",NULL,"Maint % Yearly","float",NULL,NULL,"0.18",NULL,"749"
"7164","TLAC30",NULL,"Maint % Yearly","float",NULL,NULL,"0.18",NULL,"749"
"7165","TLAC31",NULL,"Maint % Yearly","float",NULL,NULL,"0.18",NULL,"749"
"7166","TLAC32",NULL,"Maint % Yearly","float",NULL,NULL,"0.18",NULL,"749"
"7167","TLAC33",NULL,"Maint % Yearly","float",NULL,NULL,"0.18",NULL,"749"
"7168","TLAC34",NULL,"Maint % Yearly","float",NULL,NULL,"0.18",NULL,"749"
"7169","TLAC35",NULL,"Maint % Yearly","float",NULL,NULL,"0.18",NULL,"749"
"7170","TLAC36",NULL,"Maint % Yearly","float",NULL,NULL,"0.18",NULL,"749"
"7171","TLAC37",NULL,"Maint % Yearly","float",NULL,NULL,"0.18",NULL,"749"
"7172","TLAC38",NULL,"Maint % Yearly","float",NULL,NULL,"0.18",NULL,"749"
"7173","TLAC39",NULL,"Maint % Yearly","float",NULL,NULL,"0.18",NULL,"749"
"7174","TLAC40",NULL,"Maint % Yearly","float",NULL,NULL,"0.18",NULL,"749"
"7175","TLAC41",NULL,"Maint % Yearly","float",NULL,NULL,"0.18",NULL,"749"
"7176","TLAC42",NULL,"Maint % Yearly","float",NULL,NULL,"0.18",NULL,"749"
"7177","TLAC43",NULL,"Maint % Yearly","float",NULL,NULL,"0.18",NULL,"749"
"7178","TLAC44",NULL,"Maint % Yearly","float",NULL,NULL,"0.18",NULL,"749"
"7179","TLAC45",NULL,"Maint % Yearly","float",NULL,NULL,"0.18",NULL,"749"
"7180","TLAC46",NULL,"Maint % Yearly","float",NULL,NULL,"0.18",NULL,"749"
"7181","TLAC47",NULL,"Maint % Yearly","float",NULL,NULL,"0.18",NULL,"749"
"7182","TLAC48",NULL,"Maint % Yearly","float",NULL,NULL,"0.18",NULL,"749"
"7183","TLAC49",NULL,"Maint % Yearly","float",NULL,NULL,"0.18",NULL,"749"
"7184","TLAC50",NULL,"Maint % Yearly","float",NULL,NULL,"0.18",NULL,"749"
"7185","TLAC51",NULL,"Maint % Yearly","float",NULL,NULL,"0.18",NULL,"749"
"7186","TLAC52",NULL,"Maint % Yearly","float",NULL,NULL,"0.18",NULL,"749"
"7187","TLAC53",NULL,"Maint % Yearly","float",NULL,NULL,"0.18",NULL,"749"
"7188","TLAC54",NULL,"Maint % Yearly","float",NULL,NULL,"0.18",NULL,"749"
"7189","TLAC55",NULL,"Maint % Yearly","float",NULL,NULL,"0.18",NULL,"749"
"7190","TLAC56",NULL,"Maint % Yearly","float",NULL,NULL,"0.18",NULL,"749"
"7191","TLAC57",NULL,"Maint % Yearly","float",NULL,NULL,"0.18",NULL,"749"
"7192","TLAC58",NULL,"Maint % Yearly","float",NULL,NULL,"0.18",NULL,"749"
"7193","TLAC59",NULL,"Maint % Yearly","float",NULL,NULL,"0.18",NULL,"749"
"7194","TLAC60",NULL,"Maint % Yearly","float",NULL,NULL,"0.18",NULL,"749"
"7195","TLAC61",NULL,"Maint % Yearly","float",NULL,NULL,"0.18",NULL,"749"
"7196","TLAC62",NULL,"Maint % Yearly","float",NULL,NULL,"0.18",NULL,"749"
"7197","TLAC63",NULL,"Maint % Yearly","float",NULL,NULL,"0.18",NULL,"749"
"7198","TLAC64",NULL,"Maint % Yearly","float",NULL,NULL,"0.18",NULL,"749"
"7199","TLAC65",NULL,"Maint % Yearly","float",NULL,NULL,"0.18",NULL,"749"
"7200","TLAD8",NULL,"Maint Cost","float",NULL,NULL,"1620",NULL,"749"
"7201","TLAD9",NULL,"Maint Cost","float",NULL,NULL,"1620",NULL,"749"
"7202","TLAD10",NULL,"Maint Cost","float",NULL,NULL,"1723.5",NULL,"749"
"7203","TLAD11",NULL,"Maint Cost","float",NULL,NULL,"1620",NULL,"749"
"7204","TLAD12",NULL,"Maint Cost","float",NULL,NULL,"1620",NULL,"749"
"7205","TLAD13",NULL,"Maint Cost","float",NULL,NULL,"3078",NULL,"749"
"7206","TLAD14",NULL,"Maint Cost","float",NULL,NULL,"3240",NULL,"749"
"7207","TLAD15",NULL,"Maint Cost","float",NULL,NULL,"4500",NULL,"749"
"7208","TLAD16",NULL,"Maint Cost","float",NULL,NULL,"1620",NULL,"749"
"7209","TLAD17",NULL,"Maint Cost","float",NULL,NULL,"1620",NULL,"749"
"7210","TLAD18",NULL,"Maint Cost","float",NULL,NULL,"7528.5",NULL,"749"
"7211","TLAD19",NULL,"Maint Cost","float",NULL,NULL,"1260",NULL,"749"
"7212","TLAD20",NULL,"Maint Cost","float",NULL,NULL,"1440",NULL,"749"
"7213","TLAD21",NULL,"Maint Cost","float",NULL,NULL,"1620",NULL,"749"
"7214","TLAD22",NULL,"Maint Cost","float",NULL,NULL,"1980",NULL,"749"
"7215","TLAD23",NULL,"Maint Cost","float",NULL,NULL,"810",NULL,"749"
"7216","TLAD24",NULL,"Maint Cost","float",NULL,NULL,"1620",NULL,"749"
"7217","TLAD25",NULL,"Maint Cost","float",NULL,NULL,"1080",NULL,"749"
"7218","TLAD26",NULL,"Maint Cost","float",NULL,NULL,"1980",NULL,"749"
"7219","TLAD27",NULL,"Maint Cost","float",NULL,NULL,"2160",NULL,"749"
"7220","TLAD28",NULL,"Maint Cost","float",NULL,NULL,"2700",NULL,"749"
"7221","TLAD29",NULL,"Maint Cost","float",NULL,NULL,"1530",NULL,"749"
"7222","TLAD30",NULL,"Maint Cost","float",NULL,NULL,"1656",NULL,"749"
"7223","TLAD31",NULL,"Maint Cost","float",NULL,NULL,"2160",NULL,"749"
"7224","TLAD32",NULL,"Maint Cost","float",NULL,NULL,"2700",NULL,"749"
"7225","TLAD33",NULL,"Maint Cost","float",NULL,NULL,"2700",NULL,"749"
"7226","TLAD34",NULL,"Maint Cost","float",NULL,NULL,"2700",NULL,"749"
"7227","TLAD35",NULL,"Maint Cost","float",NULL,NULL,"2700",NULL,"749"
"7228","TLAD36",NULL,"Maint Cost","float",NULL,NULL,"1530",NULL,"749"
"7229","TLAD37",NULL,"Maint Cost","float",NULL,NULL,"1656",NULL,"749"
"7230","TLAD38",NULL,"Maint Cost","float",NULL,NULL,"4860",NULL,"749"
"7231","TLAD39",NULL,"Maint Cost","float",NULL,NULL,"7020",NULL,"749"
"7232","TLAD40",NULL,"Maint Cost","float",NULL,NULL,"9180",NULL,"749"
"7233","TLAD41",NULL,"Maint Cost","float",NULL,NULL,"5940",NULL,"749"
"7234","TLAD42",NULL,"Maint Cost","float",NULL,NULL,"8100",NULL,"749"
"7235","TLAD43",NULL,"Maint Cost","float",NULL,NULL,"10260",NULL,"749"
"7236","TLAD44",NULL,"Maint Cost","float",NULL,NULL,"1620",NULL,"749"
"7237","TLAD45",NULL,"Maint Cost","float",NULL,NULL,"2160",NULL,"749"
"7238","TLAD46",NULL,"Maint Cost","float",NULL,NULL,"1800",NULL,"749"
"7239","TLAD47",NULL,"Maint Cost","float",NULL,NULL,"5760",NULL,"749"
"7240","TLAD48",NULL,"Maint Cost","float",NULL,NULL,"2700",NULL,"749"
"7241","TLAD49",NULL,"Maint Cost","float",NULL,NULL,"2160",NULL,"749"
"7242","TLAD50",NULL,"Maint Cost","float",NULL,NULL,"2520",NULL,"749"
"7243","TLAD51",NULL,"Maint Cost","float",NULL,NULL,"3420",NULL,"749"
"7244","TLAD52",NULL,"Maint Cost","float",NULL,NULL,"3780",NULL,"749"
"7245","TLAD53",NULL,"Maint Cost","float",NULL,NULL,"5040",NULL,"749"
"7246","TLAD54",NULL,"Maint Cost","float",NULL,NULL,"1980",NULL,"749"
"7247","TLAD55",NULL,"Maint Cost","float",NULL,NULL,"1980",NULL,"749"
"7248","TLAD56",NULL,"Maint Cost","float",NULL,NULL,"3240",NULL,"749"
"7249","TLAD57",NULL,"Maint Cost","float",NULL,NULL,"4500",NULL,"749"
"7250","TLAD58",NULL,"Maint Cost","float",NULL,NULL,"1332",NULL,"749"
"7251","TLAD59",NULL,"Maint Cost","float",NULL,NULL,"1638",NULL,"749"
"7252","TLAD60",NULL,"Maint Cost","float",NULL,NULL,"1098",NULL,"749"
"7253","TLAD61",NULL,"Maint Cost","float",NULL,NULL,"2160",NULL,"749"
"7254","TLAD62",NULL,"Maint Cost","float",NULL,NULL,"4320",NULL,"749"
"7255","TLAD63",NULL,"Maint Cost","float",NULL,NULL,"5760",NULL,"749"
"7256","TLAD64",NULL,"Maint Cost","float",NULL,NULL,"1836",NULL,"749"
"7257","TLAD65",NULL,"Maint Cost","float",NULL,NULL,"1602",NULL,"749"
"7258","TLAE8",NULL,"Storage (TB)","float",NULL,NULL,"96",NULL,"749"
"7259","TLAE9",NULL,"Storage (TB)","float",NULL,NULL,"144",NULL,"749"
"7260","TLAE10",NULL,"Storage (TB)","float",NULL,NULL,"168",NULL,"749"
"7261","TLAE11",NULL,"Storage (TB)","float",NULL,NULL,"192",NULL,"749"
"7262","TLAE12",NULL,"Storage (TB)","float",NULL,NULL,"23.04",NULL,"749"
"7263","TLAE13",NULL,"Storage (TB)","float",NULL,NULL,"46.08",NULL,"749"
"7264","TLAE14",NULL,"Storage (TB)","float",NULL,NULL,"92.16",NULL,"749"
"7265","TLAE15",NULL,"Storage (TB)","float",NULL,NULL,"12",NULL,"749"
"7266","TLAE16",NULL,"Storage (TB)","float",NULL,NULL,"24",NULL,"749"
"7267","TLAE17",NULL,"Storage (TB)","float",NULL,NULL,"36",NULL,"749"
"7268","TLAE18",NULL,"Storage (TB)","float",NULL,NULL,"77",NULL,"749"
"7269","TLAE19",NULL,"Storage (TB)","float",NULL,NULL,"0",NULL,"749"
"7270","TLAE20",NULL,"Storage (TB)","float",NULL,NULL,"16",NULL,"749"
"7271","TLAE21",NULL,"Storage (TB)","float",NULL,NULL,"8",NULL,"749"
"7272","TLAE22",NULL,"Storage (TB)","float",NULL,NULL,"77",NULL,"749"
"7273","TLAE23",NULL,"Storage (TB)","float",NULL,NULL,"120",NULL,"749"
"7274","TLAE24",NULL,"Storage (TB)","float",NULL,NULL,"144",NULL,"749"
"7275","TLAE25",NULL,"Storage (TB)","float",NULL,NULL,"48",NULL,"749"
"7276","TLAE26",NULL,"Storage (TB)","float",NULL,NULL,"96",NULL,"749"
"7277","TLAE27",NULL,"Storage (TB)","float",NULL,NULL,"120",NULL,"749"
"7278","TLAE28",NULL,"Storage (TB)","float",NULL,NULL,"144",NULL,"749"
"7279","TLAE29",NULL,"Storage (TB)","float",NULL,NULL,"192",NULL,"749"
"7280","TLAE30",NULL,"Storage (TB)","float",NULL,NULL,"216",NULL,"749"
"7281","TLAE31",NULL,"Storage (TB)","float",NULL,NULL,"288",NULL,"749"
"7282","TLAE32",NULL,"Storage (TB)","float",NULL,NULL,"48",NULL,"749"
"7283","TLAE33",NULL,"Storage (TB)","float",NULL,NULL,"96",NULL,"749"
"7284","TLAE34",NULL,"Storage (TB)","float",NULL,NULL,"210",NULL,"749"
"7285","TLAE35",NULL,"Storage (TB)","float",NULL,NULL,"294",NULL,"749"
"7286","TLAE36",NULL,"Storage (TB)","float",NULL,NULL,"384",NULL,"749"
"7287","TLAE37",NULL,"Storage (TB)","float",NULL,NULL,"420",NULL,"749"
"7288","TLAE38",NULL,"Storage (TB)","float",NULL,NULL,"588",NULL,"749"
"7289","TLAE39",NULL,"Storage (TB)","float",NULL,NULL,"704",NULL,"749"
"7290","TLAE40",NULL,"Storage (TB)","float",NULL,NULL,"24",NULL,"749"
"7291","TLAE41",NULL,"Storage (TB)","float",NULL,NULL,"36",NULL,"749"
"7292","TLAE42",NULL,"Storage (TB)","float",NULL,NULL,"0",NULL,"749"
"7293","TLAE43",NULL,"Storage (TB)","float",NULL,NULL,"64",NULL,"749"
"7294","TLAE44",NULL,"Storage (TB)","float",NULL,NULL,"16",NULL,"749"
"7295","TLAE45",NULL,"Storage (TB)","float",NULL,NULL,"8",NULL,"749"
"7296","TLAE46",NULL,"Storage (TB)","float",NULL,NULL,"48",NULL,"749"
"7297","TLAE47",NULL,"Storage (TB)","float",NULL,NULL,"96",NULL,"749"
"7298","TLAE48",NULL,"Storage (TB)","float",NULL,NULL,"48",NULL,"749"
"7299","TLAE49",NULL,"Storage (TB)","float",NULL,NULL,"96",NULL,"749"
"7300","TLAE50",NULL,"Storage (TB)","float",NULL,NULL,"100",NULL,"749"
"7301","TLAE51",NULL,"Storage (TB)","float",NULL,NULL,"200",NULL,"749"
"7302","TLAE52",NULL,"Storage (TB)","float",NULL,NULL,"400",NULL,"749"
"7303","TLAE53",NULL,"Storage (TB)","float",NULL,NULL,"700",NULL,"749"
"7304","TLAE54",NULL,"Storage (TB)","float",NULL,NULL,"24",NULL,"749"
"7305","TLAE55",NULL,"Storage (TB)","float",NULL,NULL,"36",NULL,"749"
"7306","TLAE56",NULL,"Storage (TB)","float",NULL,NULL,"0",NULL,"749"
"7307","TLAE57",NULL,"Storage (TB)","float",NULL,NULL,"32",NULL,"749"
"7308","TLAE58",NULL,"Storage (TB)","float",NULL,NULL,"64",NULL,"749"
"7309","TLAE59",NULL,"Storage (TB)","float",NULL,NULL,"77",NULL,"749"
"7310","TLAE60",NULL,"Storage (TB)","float",NULL,NULL,"16",NULL,"749"
"7311","TLAE61",NULL,"Storage (TB)","float",NULL,NULL,"8",NULL,"749"
"7312","TLAE62",NULL,"Storage (TB)","float",NULL,NULL,"48",NULL,"749"
"7313","TLAE63",NULL,"Storage (TB)","float",NULL,NULL,"96",NULL,"749"
"7314","TLAE64",NULL,"Storage (TB)","float",NULL,NULL,"48",NULL,"749"
"7315","TLAE65",NULL,"Storage (TB)","float",NULL,NULL,"96",NULL,"749"
"7316","A426",NULL,"Server Cost","float","$0,0.00","IF(A424, VLOOKUP(A424, TLQ3:TLY13, 2, 0), 0)",NULL,NULL,"749"
"7317","A427",NULL,"Server Discount","float","0,0%","IF(A424, VLOOKUP(A424, TLQ3:TLY13, 4, 0), 0)",NULL,NULL,"749"
"7318","A428",NULL,"Server Maint","float","0,0%","IF( A424, VLOOKUP( A424, TLQ3:TLY13, 6, 0 ), 0 )",NULL,NULL,"749"
"7319","A430",NULL,"Server TB Managed","float","0,0","IF( AND( A425 > 0, A420 = ""Rubrik"" ), A432, A421 / A425 )
",NULL,NULL,"749"
"7320","A431",NULL,"Storage Reduction Rate (Guesstimate)","float","0,0.00","IF( A424, VLOOKUP( A424, TLQ3:TLY13, 9, 0 ), 0 )",NULL,NULL,"749"
"7321","A432",NULL,"Usable Storage Per Node (For Rubrik)","float","0,0","IF( A420 = ""Rubrik"", VLOOKUP( A424, TLQ3:TLY13, 8, 0), 0 )
",NULL,NULL,"749"
"7322","A433",NULL,"Rubrik Nodes Required","float","0,0","IF( A420 = ""Rubrik"", CEILING( ROUNDUP( A421 * A417 + A421, 0 ) / A432, 4 ), 0 )",NULL,NULL,"749"
"7323","A424",NULL,"Server Solution","text",NULL,NULL,NULL,NULL,"749"
"7324","A434",NULL,"Storage Solution
","text",NULL,NULL,NULL,NULL,"749"
"7325","A444",NULL,"Will they be replicating to another site","text",NULL,NULL,NULL,NULL,"749"
"7326","A447",NULL,"Cohesity Server Choice","text",NULL,NULL,NULL,NULL,"749"
"7327","A436",NULL,"Cost per TB","float","0,0","IF( A434, VLOOKUP( A434, TLI3:TLO14, 2, 0 ) , 0 )",NULL,NULL,"749"
"7328","A437",NULL,"Discount","float","0,0","IF( A434, VLOOKUP( A434, TLI3:TLO14, 4, 0 ) , 0 )",NULL,NULL,"749"
"7329","A438",NULL,"Storage Maint","float","0,0","IF( A434, VLOOKUP( A434, TLI3:TLO14, 6, 0 ) , 0 )",NULL,NULL,"749"
"7330","A440",NULL,"Storage Reduction Rate (Guesstimate)","float","0,0","IF( A434, VLOOKUP( A434, TLI3:TLO14, 7, 0 ) , 0 )",NULL,NULL,"749"
"7331","A441",NULL,"Current Source Data Under Protection (FETB)","float","0,0","ROUNDUP( A421 * A417 + A421, 0 )",NULL,NULL,"749"
"7332","A448",NULL,"Cohesity Server Price","float","0,0","IF( A447, VLOOKUP( A447, TLAA3:TLAE57, 2, 0 ), 0 )",NULL,NULL,"749"
"7333","A449",NULL,"Cohesity Storage Per Node (TB)","float","0,0","IF( A447, VLOOKUP( A447, TLAA3:TLAE57, 5, 0 ), 0 )",NULL,NULL,"749"
"7334","A450",NULL,"Cohesity Maintenance","float","0,0","IF( A447, VLOOKUP( A447, TLAA3:TLAE57, 3, 0 ), 0 )",NULL,NULL,"749"
"7335","A452",NULL,"Minimum Nodes Required","float","0,0","IF( A447, ROUNDUP( A441 / A449, 0 ), 0 )",NULL,NULL,"749"
"7336","A454",NULL,"Initial Storage Available (TB)","float","0,0","IF( NOT( A452 = A453 ), A453 * A449, A452 * A449 )",NULL,NULL,"749"
"7337","BVF6",NULL,"Projected Data Growth","float","0,0","A421",NULL,NULL,"749"
"7338","BVF7",NULL,"Solution Incremental Growth (TB)","float","0,0","0",NULL,NULL,"749"
"7339","BVF8",NULL,"Server Requirements","float","0,0","A425",NULL,NULL,"749"
"7340","BVF9",NULL,"Storage Requirements","float","0,0","A435",NULL,NULL,"749"
"7341","BVF10",NULL,"Cohesity Node Count","float","0,0","A453",NULL,NULL,"749"
"7342","BVF13",NULL,"Application Software (Net-New)","float","$0,0.00","( ( BVG7 + A421 ) ) * ( A422 * ( 1 - A423 ) )",NULL,NULL,"749"
"7343","BVF14",NULL,"Application Software (Renewal)","float","$0,0.00","0",NULL,NULL,"749"
"7344","BVF15",NULL,"Server Hardware","float","$0,0.00","BVF8 * A426 * ( 1 - A427 ) ",NULL,NULL,"749"
"7345","BVF16",NULL,"Server Maintenance","float","$0,0.00","BVF15 * A428 * A429",NULL,NULL,"749"
"7346","BVF17",NULL,"Storage","float","$0,0.00","IF( A420 = ""Rubrik"", 0, ( A436 * ( 1 - A437 ) ) * A435 )",NULL,NULL,"749"
"7347","BVF18",NULL,"Storage Maintenance","float","$0,0.00","BVF17 * A438 * A439",NULL,NULL,"749"
"7348","BVF19",NULL,"Sub Total Cost","float","$0,0.00","SUM( BVF13:BVF18)",NULL,NULL,"749"
"7349","BVF22",NULL,"Storage Refresh (If EOSL)","float","$0,0.00",NULL,NULL,NULL,"749"
"7350","BVF23",NULL,"VM Environment Proxy Cost (# proxy utilizing VM resources)","float","$0,0.00",NULL,NULL,NULL,"749"
"7351","BVF24",NULL,"Cloud Subscriptions  (M365, AWS, GCP, Oracle, SaaS, Druva)","float","$0,0.00",NULL,NULL,NULL,"749"
"7352","BVF25",NULL,"Book Value - Depreciation (HW/SW)","float","$0,0.00",NULL,NULL,NULL,"749"
"7353","BVF26",NULL,"Professional Services","float","$0,0.00",NULL,NULL,NULL,"749"
"7354","BVF27",NULL,"Technical Account Manager","float","$0,0.00",NULL,NULL,NULL,"749"
"7355","BVF28",NULL,"Sub Total Cost","float","$0,0.00","SUM( BVF22:BVF27 )",NULL,NULL,"749"
"7356","BVF30",NULL,"Current Solution Total Cost","float","$0,0.00","BVF19 + BVF28",NULL,NULL,"749"
"7357","BVF33",NULL,"DataProtect Software (Net-New)","float","$0,0.00","BVG6 * ( A442 * ( 1 - A443 ) )",NULL,NULL,"749"
"7358","BVF34",NULL,"DataProtect Software (Renewal)","float","$0,0.00","0",NULL,NULL,"749"
"7359","BVF35",NULL,"Replica License (Net-New)","float","$0,0.00","IF( A444 = ""Yes"", BVG6 * ( A445 * ( 1 - A446 ) ), 0 )",NULL,NULL,"749"
"7360","BVF36",NULL,"Replica License (Renewal)","float","$0,0.00","0",NULL,NULL,"749"
"7361","BVF37",NULL,"Server Hardware","float","$0,0.00","BVF10 * A448",NULL,NULL,"749"
"7362","BVF38",NULL,"Server Maintenance","float","$0,0.00","BVF37 * A450 * A451",NULL,NULL,"749"
"7363","BVF39",NULL,"Professional Services","float","$0,0.00",NULL,NULL,NULL,"749"
"7364","BVF40",NULL,"Techincal Account Manager","float","$0,0.00",NULL,NULL,NULL,"749"
"7365","BVF41",NULL,"Total Cost","float","$0,0.00","SUM( BVF33:BVF40 )",NULL,NULL,"749"
"7366","BVF43",NULL,"Net Savings","float","$0,0.00","BVF30 - BVF41",NULL,NULL,"749"
"7367","BVG6",NULL,"Projected Data Growth","float","0,0","A441",NULL,NULL,"749"
"7368","BVG7",NULL,"Solution Incremental Growth (TB)","float","0,0","BVF6 * A417",NULL,NULL,"749"
"7369","BVG8",NULL,"Server Requirements","float","0,0","IF( A425 = 0, 0, ( BVG6 / A430 ) )",NULL,NULL,"749"
"7370","BVG9",NULL,"Storage Requirements","float","0,0","ROUNDUP( BVF9 + BVG7, 0 )",NULL,NULL,"749"
"7371","BVG10",NULL,"Cohesity Node Count","float","0,0","IF( ( BVF10 * A449 ) > BVG6, 0, ROUNDUP( ( BVG6 / A449 ) - ( BVF10 ), 0 ) )",NULL,NULL,"749"
"7372","BVG13",NULL,"Application Software (Net-New)","float","$0,0.00","BVH7 * ( A422 * ( 1 - A423 ) )",NULL,NULL,"749"
"7373","BVG14",NULL,"Application Software (Renewal)","float","$0,0.00","BVF13",NULL,NULL,"749"
"7374","BVG15",NULL,"Server Hardware","float","$0,0.00","BVH8 * ( A426 * ( 1 - A427 ) )",NULL,NULL,"749"
"7375","BVG16",NULL,"Server Maintenance","float","$0,0.00","BVG15 * A428 * A429",NULL,NULL,"749"
"7376","BVG17",NULL,"Storage","float","$0,0.00","IF( BVH9 < 0, ( BVH9 * -1 ) * ( A436 * ( 1 - A437 ) ), 0 )",NULL,NULL,"749"
"7377","BVG18",NULL,"Storage Maintenance","float","$0,0.00","BVG17 * A438 * A439",NULL,NULL,"749"
"7378","BVG19",NULL,"Sub Total Cost","float","$0,0.00","SUM( BVG13:BVG18 )",NULL,NULL,"749"
"7379","BVG22",NULL,"Storage Refresh (If EOSL)","float","$0,0.00",NULL,NULL,NULL,"749"
"7380","BVG23",NULL,"VM Environment Proxy Cost (# proxy utilizing VM resources)","float","$0,0.00",NULL,NULL,NULL,"749"
"7381","BVG24",NULL,"Cloud Subscriptions  (M365, AWS, GCP, Oracle, SaaS, Druva)","float","$0,0.00",NULL,NULL,NULL,"749"
"7382","BVG25",NULL,"Book Value - Depreciation (HW/SW)","float","$0,0.00",NULL,NULL,NULL,"749"
"7383","BVG26",NULL,"Professional Services","float","$0,0.00",NULL,NULL,NULL,"749"
"7384","BVG27",NULL,"Technical Account Manager","float","$0,0.00",NULL,NULL,NULL,"749"
"7385","BVG28",NULL,"Sub Total Cost","float","$0,0.00","SUM( BVG22:BVG27 )",NULL,NULL,"749"
"7386","BVG30",NULL,"Current Solution Total Cost","float","$0,0.00","BVG19 + BVG28",NULL,NULL,"749"
"7387","BVG33",NULL,"DataProtect Software (Net-New)","float","$0,0.00","BVH7 * ( A442 * ( 1 - A443 ) )",NULL,NULL,"749"
"7388","BVG34",NULL,"DataProtect Software (Renewal)","float","$0,0.00","BVF33",NULL,NULL,"749"
"7389","BVG35",NULL,"Replica License (Net-New)","float","$0,0.00","IF( A444 = ""Yes"", ( BVH6 - BVG6 ) * ( A445 * ( 1 - A446 ) ), 0 )",NULL,NULL,"749"
"7390","BVG36",NULL,"Replica License (Renewal)","float","$0,0.00","BVF35",NULL,NULL,"749"
"7391","BVG37",NULL,"Server Hardware","float","$0,0.00","BVH10 * A448",NULL,NULL,"749"
"7392","BVG38",NULL,"Server Maintenance","float","$0,0.00","BVG37 * A450 * A451",NULL,NULL,"749"
"7393","BVG39",NULL,"Professional Services","float","$0,0.00",NULL,NULL,NULL,"749"
"7394","BVG40",NULL,"Techincal Account Manager","float","$0,0.00",NULL,NULL,NULL,"749"
"7395","BVG41",NULL,"Total Cost","float","$0,0.00","SUM( BVG33:BVG40 )",NULL,NULL,"749"
"7396","BVG43",NULL,"Net Savings","float","$0,0.00","BVG30 - BVG41",NULL,NULL,"749"
"7397","BVH6",NULL,"Projected Data Growth","float","0,0","ROUNDUP( BVG6 * A417 + BVG6, 0 )",NULL,NULL,"749"
"7398","BVH7",NULL,"Solution Incremental Growth (TB)","float","0,0","( BVF6 + BVG7 ) * A417",NULL,NULL,"749"
"7399","BVH8",NULL,"Server Requirements","float","0,0","IF( A425 = 0, 0, ( ROUNDDOWN( ( BVH6 / A430 ) - ( BVG8 ), 0 ) ) )",NULL,NULL,"749"
"7400","BVH9",NULL,"Storage Requirements","float","0,0","BVG9 + BVH7",NULL,NULL,"749"
"7401","BVH10",NULL,"Cohesity Node Count","float","0,0","IF( ( ( BVF10 + BVG10 ) * A449 ) > BVH6, 0, ROUNDUP( ( BVH6 / A449 ) - ( BVF10 + BVG10 ), 0 ) )",NULL,NULL,"749"
"7402","BVH13",NULL,"Application Software (Net-New)","float","$0,0.00","BVI7 * ( A422 * ( 1 - A423 ) )",NULL,NULL,"749"
"7403","BVH14",NULL,"Application Software (Renewal)","float","$0,0.00","BVG13 + BVG14",NULL,NULL,"749"
"7404","BVH15",NULL,"Server Hardware","float","$0,0.00","BVI8 * ( A426 * ( 1 - A427 ) )",NULL,NULL,"749"
"7405","BVH16",NULL,"Server Maintenance","float","$0,0.00","BVH15 * A428 * A429",NULL,NULL,"749"
"7406","BVH17",NULL,"Storage","float","$0,0.00","IF( BVI9 < 0, ( BVI9 * -1 ) * ( A436 * ( 1 - A437 ) ), 0 )",NULL,NULL,"749"
"7407","BVH18",NULL,"Storage Maintenance","float","$0,0.00","BVH17 * A438 * A439",NULL,NULL,"749"
"7408","BVH19",NULL,"Sub Total Cost","float","$0,0.00","SUM( BVH13:BVH18 )",NULL,NULL,"749"
"7409","BVH22",NULL,"Storage Refresh (If EOSL)","float","$0,0.00",NULL,NULL,NULL,"749"
"7410","BVH23",NULL,"VM Environment Proxy Cost (# proxy utilizing VM resources)","float","$0,0.00",NULL,NULL,NULL,"749"
"7411","BVH24",NULL,"Cloud Subscriptions  (M365, AWS, GCP, Oracle, SaaS, Druva)","float","$0,0.00",NULL,NULL,NULL,"749"
"7412","BVH25",NULL,"Book Value - Depreciation (HW/SW)","float","$0,0.00",NULL,NULL,NULL,"749"
"7413","BVH26",NULL,"Professional Services","float","$0,0.00",NULL,NULL,NULL,"749"
"7414","BVH27",NULL,"Technical Account Manager","float","$0,0.00",NULL,NULL,NULL,"749"
"7415","BVH28",NULL,"Sub Total Cost","float","$0,0.00","SUM( BVH22:BVH27 )",NULL,NULL,"749"
"7416","BVH30",NULL,"Current Solution Total Cost","float","$0,0.00","BVH19 + BVH28",NULL,NULL,"749"
"7417","BVH33",NULL,"DataProtect Software (Net-New)","float","$0,0.00","BVI7 * ( A442 * ( 1 - A443 ) )",NULL,NULL,"749"
"7418","BVH34",NULL,"DataProtect Software (Renewal)","float","$0,0.00","BVG33 + BVG34",NULL,NULL,"749"
"7419","BVH35",NULL,"Replica License (Net-New)","float","$0,0.00","IF( A444 = ""Yes"", ( BVI6 - BVH6 ) * ( A445 * ( 1 - A446 ) ), 0 )",NULL,NULL,"749"
"7420","BVH36",NULL,"Replica License (Renewal)","float","$0,0.00","BVG35 + BVG36",NULL,NULL,"749"
"7421","BVH37",NULL,"Server Hardware","float","$0,0.00","BVI10 * A448",NULL,NULL,"749"
"7422","BVH38",NULL,"Server Maintenance","float","$0,0.00","BVH37 * A450 * A451",NULL,NULL,"749"
"7423","BVH39",NULL,"Professional Services","float","$0,0.00",NULL,NULL,NULL,"749"
"7424","BVH40",NULL,"Techincal Account Manager","float","$0,0.00",NULL,NULL,NULL,"749"
"7425","BVH41",NULL,"Total Cost","float","$0,0.00","SUM( BVH33:BVH40 )",NULL,NULL,"749"
"7426","BVH43",NULL,"Net Savings","float","$0,0.00","BVH30 - BVH41",NULL,NULL,"749"
"7427","BVI6",NULL,"Projected Data Growth","float","0,0","ROUNDUP( BVH6 * A417 + BVH6, 0 )",NULL,NULL,"749"
"7428","BVI7",NULL,"Solution Incremental Growth (TB)","float","0,0","( BVF6 + BVG7 + BVH7 ) * A417",NULL,NULL,"749"
"7429","BVI8",NULL,"Server Requirements","float","0,0","IF( A425 = 0, 0, ( ROUNDDOWN( ( BVI6 / A430 ) - ( BVG8 + BVH8 ), 0 ) ) )",NULL,NULL,"749"
"7430","BVI9",NULL,"Storage Requirements","float","0,0","BVH9 + BVi7",NULL,NULL,"749"
"7431","BVI10",NULL,"Cohesity Node Count","float","0,0","IF( ( ( BVF10 + BVG10 + BVH10 ) * A449 ) > BVI6, 0, ROUNDUP( ( BVI6 / A449 ) - ( BVF10 + BVG10 + BVH10 ), 0 ) )",NULL,NULL,"749"
"7432","BVI13",NULL,"Application Software (Net-New)","float","$0,0.00","IF( A416 < 4, 0, BVJ7 * ( A422 * ( 1 - A423 ) ) )",NULL,NULL,"749"
"7433","BVI14",NULL,"Application Software (Renewal)","float","$0,0.00","IF( A416 < 4, 0, BVH13 + BVH14 )",NULL,NULL,"749"
"7434","BVI15",NULL,"Server Hardware","float","$0,0.00","IF( A416 < 4, 0, BVJ8 * ( A426 * ( 1 - A427 ) ) )",NULL,NULL,"749"
"7435","BVI16",NULL,"Server Maintenance","float","$0,0.00","IF( A416 < 4, 0, BVI15 * A428 * A429, 0 )",NULL,NULL,"749"
"7436","BVI17",NULL,"Storage","float","$0,0.00","IF( BVJ9 < 0, ( BVJ9 * -1 ) * ( A436 * ( 1 - A437 ) ), 0 )",NULL,NULL,"749"
"7437","BVI18",NULL,"Storage Maintenance","float","$0,0.00","IF( A416 < 4, 0, BVI17 * A438 * A439, 0 )",NULL,NULL,"749"
"7438","BVI19",NULL,"Sub Total Cost","float","$0,0.00","SUM( BVI13:BVI18 )",NULL,NULL,"749"
"7439","BVI22",NULL,"Storage Refresh (If EOSL)","float","$0,0.00",NULL,NULL,NULL,"749"
"7440","BVI23",NULL,"VM Environment Proxy Cost (# proxy utilizing VM resources)","float","$0,0.00",NULL,NULL,NULL,"749"
"7441","BVI24",NULL,"Cloud Subscriptions  (M365, AWS, GCP, Oracle, SaaS, Druva)","float","$0,0.00",NULL,NULL,NULL,"749"
"7442","BVI25",NULL,"Book Value - Depreciation (HW/SW)","float","$0,0.00",NULL,NULL,NULL,"749"
"7443","BVI26",NULL,"Professional Services","float","$0,0.00",NULL,NULL,NULL,"749"
"7444","BVI27",NULL,"Technical Account Manager","float","$0,0.00",NULL,NULL,NULL,"749"
"7445","BVI28",NULL,"Sub Total Cost","float","$0,0.00","SUM( BVI22:BVI27 )",NULL,NULL,"749"
"7446","BVI30",NULL,"Current Solution Total Cost","float","$0,0.00","BVI19 + BVI28",NULL,NULL,"749"
"7447","BVI33",NULL,"DataProtect Software (Net-New)","float","$0,0.00","IF( A416 < 4, 0, BVJ7 * ( A442 * ( 1 - A443 ) ) )",NULL,NULL,"749"
"7448","BVI34",NULL,"DataProtect Software (Renewal)","float","$0,0.00","IF( A416 < 4, 0, BVH33 + BVH34 )",NULL,NULL,"749"
"7449","BVI35",NULL,"Replica License (Net-New)","float","$0,0.00","IF( AND( A444 = ""Yes"", A416 >= 4 ), ( BVJ6 - BVI6 ) * ( A445 * ( 1 - A446 ) ), 0 )",NULL,NULL,"749"
"7450","BVI36",NULL,"Replica License (Renewal)","float","$0,0.00","IF( A416 < 4, 0, BVH35 + BVH36 )",NULL,NULL,"749"
"7451","BVI37",NULL,"Server Hardware","float","$0,0.00","IF( A416 < 4, 0, BVJ10 * A448 )",NULL,NULL,"749"
"7452","BVI38",NULL,"Server Maintenance","float","$0,0.00","IF( A416 < 4, 0, BVI37 * A450 * A451 )",NULL,NULL,"749"
"7453","BVI39",NULL,"Professional Services","float","$0,0.00",NULL,NULL,NULL,"749"
"7454","BVI40",NULL,"Techincal Account Manager","float","$0,0.00",NULL,NULL,NULL,"749"
"7455","BVI41",NULL,"Total Cost","float","$0,0.00","SUM( BVI33:BVI40 )",NULL,NULL,"749"
"7456","BVI43",NULL,"Net Savings","float","$0,0.00","BVI30 - BVI41",NULL,NULL,"749"
"7457","BVJ6",NULL,"Projected Data Growth","float","0,0","IF( A416 < 4, 0, ROUNDUP( BVI6 * A417 + BVI6, 0 ) )",NULL,NULL,"749"
"7458","BVJ7",NULL,"Solution Incremental Growth (TB)","float","0,0","IF( A416 < 4, 0, ( BVF6 + BVG7 + BVH7 + BVI7 ) * A417, 0 )",NULL,NULL,"749"
"7459","BVJ8",NULL,"Server Requirements","float","0,0","IF( OR(  A416 < 4, A425 = 0 ), 0, ( ROUNDDOWN( ( BVJ6 / A430 ) - ( BVG8 + BVH8 + BVI8 ), 0 ) ) )",NULL,NULL,"749"
"7460","BVJ9",NULL,"Storage Requirements","float","0,0","IF( A416 < 4, 0, BVI9 + BVJ7 )",NULL,NULL,"749"
"7461","BVJ10",NULL,"Cohesity Node Count","float","0,0","IF( ( ( BVF10 + BVG10 + BVH10 +BVI10 ) * A449 ) > BVJ6, 0, ROUNDUP( ( BVJ6 / A449 ) - ( BVF10 + BVG10 + BVH10 + BVI10 ), 0 ) )",NULL,NULL,"749"
"7462","BVJ13",NULL,"Application Software (Net-New)","float","$0,0.00","IF( A416 < 5, 0, BVK7 * ( A422 * ( 1 - A423 ) ) )",NULL,NULL,"749"
"7463","BVJ14",NULL,"Application Software (Renewal)","float","$0,0.00","IF( A416 < 5, 0, BVI13 + BVI14 )",NULL,NULL,"749"
"7464","BVJ15",NULL,"Server Hardware","float","$0,0.00","IF( A416 < 5, 0, BVK8 * ( A426 * ( 1 - A427 ) ) )",NULL,NULL,"749"
"7465","BVJ16",NULL,"Server Maintenance","float","$0,0.00","IF( A416 < 5, 0, BVJ15 * A428 * A429, 0 )",NULL,NULL,"749"
"7466","BVJ17",NULL,"Storage","float","$0,0.00","IF( BVK9 < 0, ( BVK9 * -1 ) * ( A436 * ( 1 - A437 ) ), 0 )",NULL,NULL,"749"
"7467","BVJ18",NULL,"Storage Maintenance","float","$0,0.00","IF( A416 < 5, 0, BVJ17 * A438 * A439, 0 )",NULL,NULL,"749"
"7468","BVJ19",NULL,"Sub Total Cost","float","$0,0.00","SUM( BVJ13:BVJ18 )",NULL,NULL,"749"
"7469","BVJ22",NULL,"Storage Refresh (If EOSL)","float","$0,0.00",NULL,NULL,NULL,"749"
"7470","BVJ23",NULL,"VM Environment Proxy Cost (# proxy utilizing VM resources)","float","$0,0.00",NULL,NULL,NULL,"749"
"7471","BVJ24",NULL,"Cloud Subscriptions  (M365, AWS, GCP, Oracle, SaaS, Druva)","float","$0,0.00",NULL,NULL,NULL,"749"
"7472","BVJ25",NULL,"Book Value - Depreciation (HW/SW)","float","$0,0.00",NULL,NULL,NULL,"749"
"7473","BVJ26",NULL,"Professional Services","float","$0,0.00",NULL,NULL,NULL,"749"
"7474","BVJ27",NULL,"Technical Account Manager","float","$0,0.00",NULL,NULL,NULL,"749"
"7475","BVJ28",NULL,"Sub Total Cost","float","$0,0.00","SUM( BVJ22:BVJ27 )",NULL,NULL,"749"
"7476","BVJ30",NULL,"Current Solution Total Cost","float","$0,0.00","BVJ19 + BVJ28",NULL,NULL,"749"
"7477","BVJ33",NULL,"DataProtect Software (Net-New)","float","$0,0.00","IF( A416 < 5, 0, BVK7 * ( A442 * ( 1 - A443 ) ) )",NULL,NULL,"749"
"7478","BVJ34",NULL,"DataProtect Software (Renewal)","float","$0,0.00","IF( A416 < 5, 0, BVI33 + BVI34 )",NULL,NULL,"749"
"7479","BVJ35",NULL,"Replica License (Net-New)","float","$0,0.00","IF( AND( A444 = ""Yes"", A416 >= 5 ), ( BVK6 - BVJ6 ) * ( A445 * ( 1 - A446 ) ), 0 )",NULL,NULL,"749"
"7480","BVJ36",NULL,"Replica License (Renewal)","float","$0,0.00","IF( A416 < 5, 0, BVI35 + BVI36 )",NULL,NULL,"749"
"7481","BVJ37",NULL,"Server Hardware","float","$0,0.00","IF( A416 < 5, 0, BVK10 * A448 )",NULL,NULL,"749"
"7482","BVJ38",NULL,"Server Maintenance","float","$0,0.00","IF( A416 < 5, 0, BVJ37 * A450 * A451 )",NULL,NULL,"749"
"7483","BVJ39",NULL,"Professional Services","float","$0,0.00",NULL,NULL,NULL,"749"
"7484","BVJ40",NULL,"Techincal Account Manager","float","$0,0.00",NULL,NULL,NULL,"749"
"7485","BVJ41",NULL,"Total Cost","float","$0,0.00","SUM( BVJ33:BVJ40 )",NULL,NULL,"749"
"7486","BVJ43",NULL,"Net Savings","float","$0,0.00","BVJ30 - BVJ41",NULL,NULL,"749"
"7487","BVK6",NULL,"Projected Data Growth","float","0,0","IF( A416 < 5, 0, ROUNDUP( BVJ6 * A417 + BVJ6, 0 ) )",NULL,NULL,"749"
"7488","BVK7",NULL,"Solution Incremental Growth (TB)","float","0,0","IF( A416 < 5, 0, ( BVF6 + BVG7 + BVH7 + BVI7 + BVJ7 ) * A417, 0 )",NULL,NULL,"749"
"7489","BVK8",NULL,"Server Requirements","float","0,0","IF( OR(  A416 < 5, A425 = 0 ), 0, ( ROUNDDOWN( ( BVK6 / A430 ) - ( BVG8 + BVH8 + BVI8 + BVJ8 ), 0 ) ) )",NULL,NULL,"749"
"7490","BVK9",NULL,"Storage Requirements","float","0,0","IF( A416 < 5, 0, BVJ9 + BVK7 )",NULL,NULL,"749"
"7491","BVK10",NULL,"Cohesity Node Count","float","0,0","IF( ( ( BVF10 + BVG10 + BVH10 +BVI10 + BVJ10 ) * A449 ) > BVK6, 0, ROUNDUP( ( BVK6 / A449 ) - ( BVF10 + BVG10 + BVH10 + BVI10 + BVJ10 ), 0 ) )",NULL,NULL,"749"
"7492","BVK13",NULL,"Application Software (Net-New)","float","$0,0.00","SUM( BVF13:BVJ13 )",NULL,NULL,"749"
"7493","BVK14",NULL,"Application Software (Renewal)","float","$0,0.00","SUM( BVF14:BVJ14 )",NULL,NULL,"749"
"7494","BVK15",NULL,"Server Hardware","float","$0,0.00","SUM( BVF15:BVJ15 )",NULL,NULL,"749"
"7495","BVK16",NULL,"Server Maintenance","float","$0,0.00","SUM( BVF16:BVJ16 )",NULL,NULL,"749"
"7496","BVK17",NULL,"Storage","float","$0,0.00","SUM( BVF17:BVJ17 )",NULL,NULL,"749"
"7497","BVK18",NULL,"Storage Maintenance","float","$0,0.00","SUM( BVF18:BVJ18 )",NULL,NULL,"749"
"7498","BVK19",NULL,"Sub Total Cost","float","$0,0.00","SUM( BVF19:BVJ19 )",NULL,NULL,"749"
"7499","BVK22",NULL,"Storage Refresh (If EOSL)","float","$0,0.00",NULL,NULL,NULL,"749"
"7500","BVK23",NULL,"VM Environment Proxy Cost (# proxy utilizing VM resources)","float","$0,0.00",NULL,NULL,NULL,"749"
"7501","BVK24",NULL,"Cloud Subscriptions  (M365, AWS, GCP, Oracle, SaaS, Druva)","float","$0,0.00",NULL,NULL,NULL,"749"
"7502","BVK25",NULL,"Book Value - Depreciation (HW/SW)","float","$0,0.00",NULL,NULL,NULL,"749"
"7503","BVK26",NULL,"Professional Services","float","$0,0.00",NULL,NULL,NULL,"749"
"7504","BVK27",NULL,"Technical Account Manager","float","$0,0.00",NULL,NULL,NULL,"749"
"7505","BVK28",NULL,"Sub Total Cost","float","$0,0.00","SUM( BVF28:BVJ28 )",NULL,NULL,"749"
"7506","BVK30",NULL,"Current Solution Total Cost","float","$0,0.00","BVK19 + BVK28",NULL,NULL,"749"
"7507","BVK33",NULL,"DataProtect Software (Net-New)","float","$0,0.00","SUM( BVF33:BVJ33 )",NULL,NULL,"749"
"7508","BVK34",NULL,"DataProtect Software (Renewal)","float","$0,0.00","SUM( BVF34:BVJ34 )",NULL,NULL,"749"
"7509","BVK35",NULL,"Replica License (Net-New)","float","$0,0.00","SUM( BVF35:BVJ35 )",NULL,NULL,"749"
"7510","BVK36",NULL,"Replica License (Renewal)","float","$0,0.00","SUM( BVF36:BVJ36 )",NULL,NULL,"749"
"7511","BVK37",NULL,"Server Hardware","float","$0,0.00","SUM( BVF37:BVJ37 )",NULL,NULL,"749"
"7512","BVK38",NULL,"Server Maintenance","float","$0,0.00","SUM( BVF38:BVJ38 )",NULL,NULL,"749"
"7513","BVK39",NULL,"Professional Services","float","$0,0.00","SUM( BVF39:BVJ39 )",NULL,NULL,"749"
"7514","BVK40",NULL,"Techincal Account Manager","float","$0,0.00","SUM( BVF40:BVJ40 )",NULL,NULL,"749"
"7515","BVK41",NULL,"Total Cost","float","$0,0.00","SUM( BVK33:BVK40 )",NULL,NULL,"749"
"7516","BVK43",NULL,"Net Savings","float","$0,0.00","BVK19 + BVK28 - BVK41",NULL,NULL,"749"
"7517","INC8",NULL,"BAU","float","0,0",NULL,"1",NULL,"749"
"7518","CHOICEF42789",NULL,"What areas could use improvement (check all that apply)? (Reporting Benefits)","boolean","0,0",NULL,NULL,"{
	""visibility"":[{
		""show"":[""#43548"",""#43549"",""#43550"",""#43551"",""#43552"",""#43553"",""#43554""],
		""operator"":""=="",
		""value"":6
	}]
}","809"
"7519","CHOICEF43352",NULL,"What areas could use improvement (check all that apply)? (Reporting Benefits)","boolean","0,0",NULL,NULL,"{
	""visibility"":[{
		""show"":[""#43527"",""#43511"",""#43512"",""#43513"",""#43514"",""#43515"",""#43516""],
		""operator"":""=="",
		""value"":6
	}]
}","816"
"7520","CHOICEF43248",NULL,"What areas could use improvement (check all that apply)? (Reporting Benefits)","boolean","0,0",NULL,NULL,"{
	""visibility"":[{
		""show"":[""#43534"",""#43535"",""#43536"",""#43537"",""#43538"",""#43539"",""#43540""],
		""operator"":""=="",
		""value"":6
	}]
}","815"
"7521","CHOICEG43506",NULL,"What reports do you run to get better insight into spend (check all that apply)","boolean","0,0",NULL,NULL,"{
	""visibility"":[{
		""show"":[""#43737""],
		""operator"":""=="",
		""value"":7
	}]
}","819"
"7522","CHOICEF42356",NULL,"What areas could use improvement (check all that apply)? (Reporting Benefits)","boolean","0,0",NULL,NULL,"{
	""visibility"":[{
		""show"":[""#43541"",""#43542"",""#43543"",""#43544"",""#43545"",""#43546"",""#43547""],
		""operator"":""=="",
		""value"":6
	}]
}","806"
"7523","CHOICEA43739",NULL,"Which areas would you like to see an efficiency improvement","boolean","0,0",NULL,NULL,"{
	""visibility"":[{
		""show"":[""#42541"",""#42542"",""#42543"",""#42544"",""#42545"",""#42546"",""#42547"",""#42548"",""#42549""],
		""operator"":""=="",
		""value"":1
	}]
}","802"
"7524","CHOICEB43739",NULL,"Which areas would you like to see an efficiency improvement","boolean","0,0",NULL,NULL,"{
	""visibility"":[{
		""show"":[""#43019"",""#42567"",""#42551"",""#42552"",""#42553"",""#42554"",""#42555"",""#42556"",""#42557""],
		""operator"":""=="",
		""value"":5
	}]
}","802"
"7525","CHOICEC43739",NULL,"Which areas would you like to see an efficiency improvement","boolean","0,0",NULL,NULL,"{
	""visibility"":[{
		""show"":[""#42857"",""#42858"",""#42859"",""#42861"",""#42862"",""#42863"",""#42864"",""#42865"",""#42866"",""#42867""],
		""operator"":""=="",
		""value"":2
	}]
}","802"
"7526","CHOICED43739",NULL,"Which areas would you like to see an efficiency improvement","boolean","0,0",NULL,NULL,"{
	""visibility"":[{
		""show"":[""#43741"",""#42869"",""#42870"",""#42871"",""#42872"",""#42873"",""#42874"",""#42875"",""#42876""],
		""operator"":""=="",
		""value"":3
	}]
}","802"
"7527","CHOICEE43739",NULL,"Which areas would you like to see an efficiency improvement","boolean","0,0",NULL,NULL,"{
	""visibility"":[{
		""show"":[""#43740"",""#42878"",""#42879"",""#42880"",""#42881"",""#42882"",""#42883"",""#42884"",""#42885""],
		""operator"":""=="",
		""value"":4
	}]
}","802"
"7528","TLAE4",NULL,"Storage (TB)","float",NULL,NULL,"12",NULL,"749"
"7529","TLAE5",NULL,"Storage (TB)","float",NULL,NULL,"24",NULL,"749"
"7530","TLAE6",NULL,"Storage (TB)","float",NULL,NULL,"36",NULL,"749"
"7531","TLAE7",NULL,"Storage (TB)","float",NULL,NULL,"54",NULL,"749"
